implementation	mode	scenario	repetition	window	wall_seconds	user_ticks	system_ticks	child_user_ticks	child_system_ticks	rss_peak_kib	voluntary_context_switches	involuntary_context_switches	child_exec_attempts	successful_child_execs	child_exits_zero	publication_writes	publication_bytes	publication_method
baseline	normal	hidden	1	startup	0.060000	0	0	NA:untraced_resource_run	NA:untraced_resource_run	4300	20	1	NA:untraced_resource_run	NA:untraced_resource_run	NA:untraced_resource_run	2	13979	bounded-stat-poll-0.1s
baseline	normal	hidden	1	setup	0.000000	0	0	NA:untraced_resource_run	NA:untraced_resource_run	0	1	0	NA:untraced_resource_run	NA:untraced_resource_run	NA:untraced_resource_run	0	0	bounded-stat-poll-0.1s
baseline	normal	hidden	1	steady	8.030000	0	0	NA:untraced_resource_run	NA:untraced_resource_run	4300	80	1	NA:untraced_resource_run	NA:untraced_resource_run	NA:untraced_resource_run	11	74883	bounded-stat-poll-0.1s
baseline	normal	hidden	2	startup	0.080000	0	0	NA:untraced_resource_run	NA:untraced_resource_run	4240	21	10	NA:untraced_resource_run	NA:untraced_resource_run	NA:untraced_resource_run	2	13979	bounded-stat-poll-0.1s
baseline	normal	hidden	2	setup	0.000000	0	0	NA:untraced_resource_run	NA:untraced_resource_run	0	0	0	NA:untraced_resource_run	NA:untraced_resource_run	NA:untraced_resource_run	0	0	bounded-stat-poll-0.1s
baseline	normal	hidden	2	steady	8.020000	0	0	NA:untraced_resource_run	NA:untraced_resource_run	4240	80	2	NA:untraced_resource_run	NA:untraced_resource_run	NA:untraced_resource_run	10	70087	bounded-stat-poll-0.1s
baseline	normal	hidden	3	startup	0.070000	0	0	NA:untraced_resource_run	NA:untraced_resource_run	4240	21	3	NA:untraced_resource_run	NA:untraced_resource_run	NA:untraced_resource_run	2	13979	bounded-stat-poll-0.1s
baseline	normal	hidden	3	setup	0.010000	0	0	NA:untraced_resource_run	NA:untraced_resource_run	0	0	0	NA:untraced_resource_run	NA:untraced_resource_run	NA:untraced_resource_run	0	0	bounded-stat-poll-0.1s
baseline	normal	hidden	3	steady	8.010000	0	1	NA:untraced_resource_run	NA:untraced_resource_run	4240	80	1	NA:untraced_resource_run	NA:untraced_resource_run	NA:untraced_resource_run	10	70087	bounded-stat-poll-0.1s
baseline	normal	main	1	startup	0.070000	0	0	NA:untraced_resource_run	NA:untraced_resource_run	4228	21	1	NA:untraced_resource_run	NA:untraced_resource_run	NA:untraced_resource_run	2	13979	bounded-stat-poll-0.1s
baseline	normal	main	1	setup	0.010000	0	0	NA:untraced_resource_run	NA:untraced_resource_run	0	0	0	NA:untraced_resource_run	NA:untraced_resource_run	NA:untraced_resource_run	0	0	bounded-stat-poll-0.1s
baseline	normal	main	1	steady	8.030000	0	1	NA:untraced_resource_run	NA:untraced_resource_run	4228	80	1	NA:untraced_resource_run	NA:untraced_resource_run	NA:untraced_resource_run	10	70062	bounded-stat-poll-0.1s
baseline	normal	main	2	startup	0.160000	0	0	NA:untraced_resource_run	NA:untraced_resource_run	4240	21	1	NA:untraced_resource_run	NA:untraced_resource_run	NA:untraced_resource_run	2	13969	bounded-stat-poll-0.1s
baseline	normal	main	2	setup	0.020000	0	0	NA:untraced_resource_run	NA:untraced_resource_run	0	1	0	NA:untraced_resource_run	NA:untraced_resource_run	NA:untraced_resource_run	0	0	bounded-stat-poll-0.1s
baseline	normal	main	2	steady	8.020000	0	1	NA:untraced_resource_run	NA:untraced_resource_run	4240	80	2	NA:untraced_resource_run	NA:untraced_resource_run	NA:untraced_resource_run	10	70087	bounded-stat-poll-0.1s
baseline	normal	main	3	startup	0.070000	0	0	NA:untraced_resource_run	NA:untraced_resource_run	4300	21	4	NA:untraced_resource_run	NA:untraced_resource_run	NA:untraced_resource_run	2	13969	bounded-stat-poll-0.1s
baseline	normal	main	3	setup	0.010000	0	0	NA:untraced_resource_run	NA:untraced_resource_run	0	0	0	NA:untraced_resource_run	NA:untraced_resource_run	NA:untraced_resource_run	0	0	bounded-stat-poll-0.1s
baseline	normal	main	3	steady	8.020000	0	0	NA:untraced_resource_run	NA:untraced_resource_run	4300	80	1	NA:untraced_resource_run	NA:untraced_resource_run	NA:untraced_resource_run	10	70082	bounded-stat-poll-0.1s
baseline	normal	graphs	1	startup	0.080000	0	0	NA:untraced_resource_run	NA:untraced_resource_run	4548	21	3	NA:untraced_resource_run	NA:untraced_resource_run	NA:untraced_resource_run	2	13979	bounded-stat-poll-0.1s
baseline	normal	graphs	1	setup	0.130000	0	0	NA:untraced_resource_run	NA:untraced_resource_run	4804	1	0	NA:untraced_resource_run	NA:untraced_resource_run	NA:untraced_resource_run	1	6220	bounded-stat-poll-0.1s
baseline	normal	graphs	1	steady	8.030000	1	0	NA:untraced_resource_run	NA:untraced_resource_run	4804	80	1	NA:untraced_resource_run	NA:untraced_resource_run	NA:untraced_resource_run	10	78725	bounded-stat-poll-0.1s
baseline	normal	graphs	2	startup	0.070000	0	0	NA:untraced_resource_run	NA:untraced_resource_run	4304	21	1	NA:untraced_resource_run	NA:untraced_resource_run	NA:untraced_resource_run	2	13969	bounded-stat-poll-0.1s
baseline	normal	graphs	2	setup	0.130000	0	0	NA:untraced_resource_run	NA:untraced_resource_run	4560	1	0	NA:untraced_resource_run	NA:untraced_resource_run	NA:untraced_resource_run	1	6221	bounded-stat-poll-0.1s
baseline	normal	graphs	2	steady	8.010000	1	0	NA:untraced_resource_run	NA:untraced_resource_run	4560	80	0	NA:untraced_resource_run	NA:untraced_resource_run	NA:untraced_resource_run	10	78657	bounded-stat-poll-0.1s
baseline	normal	graphs	3	startup	0.070000	0	0	NA:untraced_resource_run	NA:untraced_resource_run	4556	21	1	NA:untraced_resource_run	NA:untraced_resource_run	NA:untraced_resource_run	2	13979	bounded-stat-poll-0.1s
baseline	normal	graphs	3	setup	0.130000	0	0	NA:untraced_resource_run	NA:untraced_resource_run	4812	1	0	NA:untraced_resource_run	NA:untraced_resource_run	NA:untraced_resource_run	1	6220	bounded-stat-poll-0.1s
baseline	normal	graphs	3	steady	8.020000	1	1	NA:untraced_resource_run	NA:untraced_resource_run	4812	80	1	NA:untraced_resource_run	NA:untraced_resource_run	NA:untraced_resource_run	10	87025	bounded-stat-poll-0.1s
baseline	normal	processes	1	startup	0.080000	0	0	NA:untraced_resource_run	NA:untraced_resource_run	4220	21	2	NA:untraced_resource_run	NA:untraced_resource_run	NA:untraced_resource_run	2	13979	bounded-stat-poll-0.1s
baseline	normal	processes	1	setup	0.130000	0	1	NA:untraced_resource_run	NA:untraced_resource_run	4220	1	2	NA:untraced_resource_run	NA:untraced_resource_run	NA:untraced_resource_run	1	3931	bounded-stat-poll-0.1s
baseline	normal	processes	1	steady	8.020000	1	4	NA:untraced_resource_run	NA:untraced_resource_run	4220	80	4	NA:untraced_resource_run	NA:untraced_resource_run	NA:untraced_resource_run	10	59534	bounded-stat-poll-0.1s
baseline	normal	processes	2	startup	0.080000	0	0	NA:untraced_resource_run	NA:untraced_resource_run	4820	21	0	NA:untraced_resource_run	NA:untraced_resource_run	NA:untraced_resource_run	2	13979	bounded-stat-poll-0.1s
baseline	normal	processes	2	setup	0.120000	0	0	NA:untraced_resource_run	NA:untraced_resource_run	4820	1	0	NA:untraced_resource_run	NA:untraced_resource_run	NA:untraced_resource_run	1	3931	bounded-stat-poll-0.1s
baseline	normal	processes	2	steady	8.030000	1	4	NA:untraced_resource_run	NA:untraced_resource_run	4820	80	4	NA:untraced_resource_run	NA:untraced_resource_run	NA:untraced_resource_run	10	59465	bounded-stat-poll-0.1s
baseline	normal	processes	3	startup	0.070000	0	0	NA:untraced_resource_run	NA:untraced_resource_run	4744	21	0	NA:untraced_resource_run	NA:untraced_resource_run	NA:untraced_resource_run	2	13954	bounded-stat-poll-0.1s
baseline	normal	processes	3	setup	0.130000	0	1	NA:untraced_resource_run	NA:untraced_resource_run	4744	1	1	NA:untraced_resource_run	NA:untraced_resource_run	NA:untraced_resource_run	1	3931	bounded-stat-poll-0.1s
baseline	normal	processes	3	steady	8.010000	1	3	NA:untraced_resource_run	NA:untraced_resource_run	4744	80	4	NA:untraced_resource_run	NA:untraced_resource_run	NA:untraced_resource_run	10	59518	bounded-stat-poll-0.1s
baseline	cpu0	hidden	1	startup	0.080000	0	0	NA:untraced_resource_run	NA:untraced_resource_run	4808	21	1	NA:untraced_resource_run	NA:untraced_resource_run	NA:untraced_resource_run	2	13979	bounded-stat-poll-0.1s
baseline	cpu0	hidden	1	setup	0.010000	0	0	NA:untraced_resource_run	NA:untraced_resource_run	0	0	0	NA:untraced_resource_run	NA:untraced_resource_run	NA:untraced_resource_run	0	0	bounded-stat-poll-0.1s
baseline	cpu0	hidden	1	steady	8.020000	0	1	NA:untraced_resource_run	NA:untraced_resource_run	4808	80	0	NA:untraced_resource_run	NA:untraced_resource_run	NA:untraced_resource_run	10	70047	bounded-stat-poll-0.1s
baseline	cpu0	hidden	2	startup	0.080000	0	0	NA:untraced_resource_run	NA:untraced_resource_run	4756	21	2	NA:untraced_resource_run	NA:untraced_resource_run	NA:untraced_resource_run	2	13979	bounded-stat-poll-0.1s
baseline	cpu0	hidden	2	setup	0.010000	0	0	NA:untraced_resource_run	NA:untraced_resource_run	0	0	0	NA:untraced_resource_run	NA:untraced_resource_run	NA:untraced_resource_run	0	0	bounded-stat-poll-0.1s
baseline	cpu0	hidden	2	steady	8.020000	0	0	NA:untraced_resource_run	NA:untraced_resource_run	4756	80	0	NA:untraced_resource_run	NA:untraced_resource_run	NA:untraced_resource_run	10	70072	bounded-stat-poll-0.1s
baseline	cpu0	hidden	3	startup	0.080000	0	0	NA:untraced_resource_run	NA:untraced_resource_run	4624	21	1	NA:untraced_resource_run	NA:untraced_resource_run	NA:untraced_resource_run	2	13979	bounded-stat-poll-0.1s
baseline	cpu0	hidden	3	setup	0.010000	0	0	NA:untraced_resource_run	NA:untraced_resource_run	0	0	0	NA:untraced_resource_run	NA:untraced_resource_run	NA:untraced_resource_run	0	0	bounded-stat-poll-0.1s
baseline	cpu0	hidden	3	steady	8.030000	0	0	NA:untraced_resource_run	NA:untraced_resource_run	4624	80	0	NA:untraced_resource_run	NA:untraced_resource_run	NA:untraced_resource_run	10	70037	bounded-stat-poll-0.1s
baseline	cpu0	main	1	startup	0.080000	0	0	NA:untraced_resource_run	NA:untraced_resource_run	4616	21	1	NA:untraced_resource_run	NA:untraced_resource_run	NA:untraced_resource_run	2	13969	bounded-stat-poll-0.1s
baseline	cpu0	main	1	setup	0.010000	0	0	NA:untraced_resource_run	NA:untraced_resource_run	0	0	0	NA:untraced_resource_run	NA:untraced_resource_run	NA:untraced_resource_run	0	0	bounded-stat-poll-0.1s
baseline	cpu0	main	1	steady	8.020000	0	0	NA:untraced_resource_run	NA:untraced_resource_run	4616	80	0	NA:untraced_resource_run	NA:untraced_resource_run	NA:untraced_resource_run	10	70087	bounded-stat-poll-0.1s
baseline	cpu0	main	2	startup	0.060000	0	0	NA:untraced_resource_run	NA:untraced_resource_run	4552	21	1	NA:untraced_resource_run	NA:untraced_resource_run	NA:untraced_resource_run	2	13969	bounded-stat-poll-0.1s
baseline	cpu0	main	2	setup	0.010000	0	0	NA:untraced_resource_run	NA:untraced_resource_run	0	0	0	NA:untraced_resource_run	NA:untraced_resource_run	NA:untraced_resource_run	0	0	bounded-stat-poll-0.1s
baseline	cpu0	main	2	steady	8.020000	0	0	NA:untraced_resource_run	NA:untraced_resource_run	4552	80	0	NA:untraced_resource_run	NA:untraced_resource_run	NA:untraced_resource_run	10	70087	bounded-stat-poll-0.1s
baseline	cpu0	main	3	startup	0.160000	0	0	NA:untraced_resource_run	NA:untraced_resource_run	4820	22	2	NA:untraced_resource_run	NA:untraced_resource_run	NA:untraced_resource_run	2	13969	bounded-stat-poll-0.1s
baseline	cpu0	main	3	setup	0.010000	0	0	NA:untraced_resource_run	NA:untraced_resource_run	0	0	0	NA:untraced_resource_run	NA:untraced_resource_run	NA:untraced_resource_run	0	0	bounded-stat-poll-0.1s
baseline	cpu0	main	3	steady	8.010000	0	0	NA:untraced_resource_run	NA:untraced_resource_run	4820	80	0	NA:untraced_resource_run	NA:untraced_resource_run	NA:untraced_resource_run	10	70087	bounded-stat-poll-0.1s
baseline	cpu0	graphs	1	startup	0.080000	0	0	NA:untraced_resource_run	NA:untraced_resource_run	4544	21	1	NA:untraced_resource_run	NA:untraced_resource_run	NA:untraced_resource_run	2	13969	bounded-stat-poll-0.1s
baseline	cpu0	graphs	1	setup	0.120000	0	0	NA:untraced_resource_run	NA:untraced_resource_run	4800	1	0	NA:untraced_resource_run	NA:untraced_resource_run	NA:untraced_resource_run	1	6221	bounded-stat-poll-0.1s
baseline	cpu0	graphs	1	steady	8.020000	1	0	NA:untraced_resource_run	NA:untraced_resource_run	4800	80	7	NA:untraced_resource_run	NA:untraced_resource_run	NA:untraced_resource_run	10	87825	bounded-stat-poll-0.1s
baseline	cpu0	graphs	2	startup	0.060000	0	0	NA:untraced_resource_run	NA:untraced_resource_run	4812	21	1	NA:untraced_resource_run	NA:untraced_resource_run	NA:untraced_resource_run	2	13979	bounded-stat-poll-0.1s
baseline	cpu0	graphs	2	setup	0.120000	0	0	NA:untraced_resource_run	NA:untraced_resource_run	5068	1	0	NA:untraced_resource_run	NA:untraced_resource_run	NA:untraced_resource_run	1	6208	bounded-stat-poll-0.1s
baseline	cpu0	graphs	2	steady	8.020000	1	0	NA:untraced_resource_run	NA:untraced_resource_run	5068	80	1	NA:untraced_resource_run	NA:untraced_resource_run	NA:untraced_resource_run	10	84379	bounded-stat-poll-0.1s
baseline	cpu0	graphs	3	startup	0.080000	0	0	NA:untraced_resource_run	NA:untraced_resource_run	4544	21	1	NA:untraced_resource_run	NA:untraced_resource_run	NA:untraced_resource_run	2	13979	bounded-stat-poll-0.1s
baseline	cpu0	graphs	3	setup	0.130000	0	0	NA:untraced_resource_run	NA:untraced_resource_run	4800	1	0	NA:untraced_resource_run	NA:untraced_resource_run	NA:untraced_resource_run	1	6208	bounded-stat-poll-0.1s
baseline	cpu0	graphs	3	steady	8.010000	1	1	NA:untraced_resource_run	NA:untraced_resource_run	4800	80	1	NA:untraced_resource_run	NA:untraced_resource_run	NA:untraced_resource_run	10	85777	bounded-stat-poll-0.1s
baseline	cpu0	processes	1	startup	0.070000	0	0	NA:untraced_resource_run	NA:untraced_resource_run	4820	21	2	NA:untraced_resource_run	NA:untraced_resource_run	NA:untraced_resource_run	2	13979	bounded-stat-poll-0.1s
baseline	cpu0	processes	1	setup	0.130000	0	1	NA:untraced_resource_run	NA:untraced_resource_run	4820	1	0	NA:untraced_resource_run	NA:untraced_resource_run	NA:untraced_resource_run	1	3931	bounded-stat-poll-0.1s
baseline	cpu0	processes	1	steady	8.010000	0	4	NA:untraced_resource_run	NA:untraced_resource_run	4820	80	0	NA:untraced_resource_run	NA:untraced_resource_run	NA:untraced_resource_run	10	59827	bounded-stat-poll-0.1s
baseline	cpu0	processes	2	startup	0.060000	0	0	NA:untraced_resource_run	NA:untraced_resource_run	4624	21	1	NA:untraced_resource_run	NA:untraced_resource_run	NA:untraced_resource_run	2	13969	bounded-stat-poll-0.1s
baseline	cpu0	processes	2	setup	0.130000	0	1	NA:untraced_resource_run	NA:untraced_resource_run	4624	1	0	NA:untraced_resource_run	NA:untraced_resource_run	NA:untraced_resource_run	1	3931	bounded-stat-poll-0.1s
baseline	cpu0	processes	2	steady	8.020000	0	4	NA:untraced_resource_run	NA:untraced_resource_run	4624	80	0	NA:untraced_resource_run	NA:untraced_resource_run	NA:untraced_resource_run	10	59830	bounded-stat-poll-0.1s
baseline	cpu0	processes	3	startup	0.080000	0	0	NA:untraced_resource_run	NA:untraced_resource_run	4540	21	1	NA:untraced_resource_run	NA:untraced_resource_run	NA:untraced_resource_run	2	13969	bounded-stat-poll-0.1s
baseline	cpu0	processes	3	setup	0.130000	0	1	NA:untraced_resource_run	NA:untraced_resource_run	4540	1	0	NA:untraced_resource_run	NA:untraced_resource_run	NA:untraced_resource_run	1	3931	bounded-stat-poll-0.1s
baseline	cpu0	processes	3	steady	8.010000	1	3	NA:untraced_resource_run	NA:untraced_resource_run	4540	81	1	NA:untraced_resource_run	NA:untraced_resource_run	NA:untraced_resource_run	10	59657	bounded-stat-poll-0.1s
candidate	normal	hidden	1	startup	0.140000	0	0	NA:untraced_resource_run	NA:untraced_resource_run	8456	2	0	NA:untraced_resource_run	NA:untraced_resource_run	NA:untraced_resource_run	1	4605	bounded-stat-poll-0.1s
candidate	normal	hidden	1	setup	1.130000	0	0	NA:untraced_resource_run	NA:untraced_resource_run	8968	0	0	NA:untraced_resource_run	NA:untraced_resource_run	NA:untraced_resource_run	1	9147	bounded-stat-poll-0.1s
candidate	normal	hidden	1	steady	8.010000	1	1	NA:untraced_resource_run	NA:untraced_resource_run	8968	0	0	NA:untraced_resource_run	NA:untraced_resource_run	NA:untraced_resource_run	5	24205	bounded-stat-poll-0.1s
candidate	normal	hidden	2	startup	0.120000	0	0	NA:untraced_resource_run	NA:untraced_resource_run	8140	2	5	NA:untraced_resource_run	NA:untraced_resource_run	NA:untraced_resource_run	1	4605	bounded-stat-poll-0.1s
candidate	normal	hidden	2	setup	1.130000	0	0	NA:untraced_resource_run	NA:untraced_resource_run	8908	0	0	NA:untraced_resource_run	NA:untraced_resource_run	NA:untraced_resource_run	1	9147	bounded-stat-poll-0.1s
candidate	normal	hidden	2	steady	8.010000	1	1	NA:untraced_resource_run	NA:untraced_resource_run	8908	0	0	NA:untraced_resource_run	NA:untraced_resource_run	NA:untraced_resource_run	3	14523	bounded-stat-poll-0.1s
candidate	normal	hidden	3	startup	0.120000	0	0	NA:untraced_resource_run	NA:untraced_resource_run	8188	2	1	NA:untraced_resource_run	NA:untraced_resource_run	NA:untraced_resource_run	1	4605	bounded-stat-poll-0.1s
candidate	normal	hidden	3	setup	1.120000	0	0	NA:untraced_resource_run	NA:untraced_resource_run	8956	0	0	NA:untraced_resource_run	NA:untraced_resource_run	NA:untraced_resource_run	1	9147	bounded-stat-poll-0.1s
candidate	normal	hidden	3	steady	8.010000	1	0	NA:untraced_resource_run	NA:untraced_resource_run	8956	0	0	NA:untraced_resource_run	NA:untraced_resource_run	NA:untraced_resource_run	1	4841	bounded-stat-poll-0.1s
candidate	normal	main	1	startup	0.120000	0	0	NA:untraced_resource_run	NA:untraced_resource_run	9112	2	1	NA:untraced_resource_run	NA:untraced_resource_run	NA:untraced_resource_run	1	8769	bounded-stat-poll-0.1s
candidate	normal	main	1	setup	0.010000	0	0	NA:untraced_resource_run	NA:untraced_resource_run	0	0	0	NA:untraced_resource_run	NA:untraced_resource_run	NA:untraced_resource_run	0	0	bounded-stat-poll-0.1s
candidate	normal	main	1	steady	8.030000	1	1	NA:untraced_resource_run	NA:untraced_resource_run	9112	0	0	NA:untraced_resource_run	NA:untraced_resource_run	NA:untraced_resource_run	12	84085	bounded-stat-poll-0.1s
candidate	normal	main	2	startup	0.130000	0	1	NA:untraced_resource_run	NA:untraced_resource_run	8684	2	1	NA:untraced_resource_run	NA:untraced_resource_run	NA:untraced_resource_run	1	8769	bounded-stat-poll-0.1s
candidate	normal	main	2	setup	0.020000	0	0	NA:untraced_resource_run	NA:untraced_resource_run	0	0	0	NA:untraced_resource_run	NA:untraced_resource_run	NA:untraced_resource_run	0	0	bounded-stat-poll-0.1s
candidate	normal	main	2	steady	8.030000	1	0	NA:untraced_resource_run	NA:untraced_resource_run	8684	0	0	NA:untraced_resource_run	NA:untraced_resource_run	NA:untraced_resource_run	10	74428	bounded-stat-poll-0.1s
candidate	normal	main	3	startup	0.130000	0	1	NA:untraced_resource_run	NA:untraced_resource_run	8712	2	1	NA:untraced_resource_run	NA:untraced_resource_run	NA:untraced_resource_run	1	8769	bounded-stat-poll-0.1s
candidate	normal	main	3	setup	0.010000	0	0	NA:untraced_resource_run	NA:untraced_resource_run	0	0	0	NA:untraced_resource_run	NA:untraced_resource_run	NA:untraced_resource_run	0	0	bounded-stat-poll-0.1s
candidate	normal	main	3	steady	8.010000	1	0	NA:untraced_resource_run	NA:untraced_resource_run	8712	0	0	NA:untraced_resource_run	NA:untraced_resource_run	NA:untraced_resource_run	10	74438	bounded-stat-poll-0.1s
candidate	normal	graphs	1	startup	0.130000	0	0	NA:untraced_resource_run	NA:untraced_resource_run	9484	2	0	NA:untraced_resource_run	NA:untraced_resource_run	NA:untraced_resource_run	1	8769	bounded-stat-poll-0.1s
candidate	normal	graphs	1	setup	0.070000	0	0	NA:untraced_resource_run	NA:untraced_resource_run	9740	0	0	NA:untraced_resource_run	NA:untraced_resource_run	NA:untraced_resource_run	2	10949	bounded-stat-poll-0.1s
candidate	normal	graphs	1	steady	8.010000	4	1	NA:untraced_resource_run	NA:untraced_resource_run	9740	0	0	NA:untraced_resource_run	NA:untraced_resource_run	NA:untraced_resource_run	6	47901	bounded-stat-poll-0.1s
candidate	normal	graphs	2	startup	0.140000	0	1	NA:untraced_resource_run	NA:untraced_resource_run	8688	2	0	NA:untraced_resource_run	NA:untraced_resource_run	NA:untraced_resource_run	1	8769	bounded-stat-poll-0.1s
candidate	normal	graphs	2	setup	0.070000	0	0	NA:untraced_resource_run	NA:untraced_resource_run	8944	0	0	NA:untraced_resource_run	NA:untraced_resource_run	NA:untraced_resource_run	2	10949	bounded-stat-poll-0.1s
candidate	normal	graphs	2	steady	8.010000	3	0	NA:untraced_resource_run	NA:untraced_resource_run	9200	0	0	NA:untraced_resource_run	NA:untraced_resource_run	NA:untraced_resource_run	6	48883	bounded-stat-poll-0.1s
candidate	normal	graphs	3	startup	0.130000	0	0	NA:untraced_resource_run	NA:untraced_resource_run	9220	2	0	NA:untraced_resource_run	NA:untraced_resource_run	NA:untraced_resource_run	1	8769	bounded-stat-poll-0.1s
candidate	normal	graphs	3	setup	0.070000	1	0	NA:untraced_resource_run	NA:untraced_resource_run	9220	0	0	NA:untraced_resource_run	NA:untraced_resource_run	NA:untraced_resource_run	2	10949	bounded-stat-poll-0.1s
candidate	normal	graphs	3	steady	8.020000	3	1	NA:untraced_resource_run	NA:untraced_resource_run	10200	0	0	NA:untraced_resource_run	NA:untraced_resource_run	NA:untraced_resource_run	6	47685	bounded-stat-poll-0.1s
candidate	normal	processes	1	startup	0.120000	0	0	NA:untraced_resource_run	NA:untraced_resource_run	8964	2	0	NA:untraced_resource_run	NA:untraced_resource_run	NA:untraced_resource_run	1	8769	bounded-stat-poll-0.1s
candidate	normal	processes	1	setup	0.080000	0	1	NA:untraced_resource_run	NA:untraced_resource_run	8964	0	0	NA:untraced_resource_run	NA:untraced_resource_run	NA:untraced_resource_run	2	8772	bounded-stat-poll-0.1s
candidate	normal	processes	1	steady	8.020000	2	5	NA:untraced_resource_run	NA:untraced_resource_run	8964	0	0	NA:untraced_resource_run	NA:untraced_resource_run	NA:untraced_resource_run	7	44995	bounded-stat-poll-0.1s
candidate	normal	processes	2	startup	0.140000	0	0	NA:untraced_resource_run	NA:untraced_resource_run	8704	2	3	NA:untraced_resource_run	NA:untraced_resource_run	NA:untraced_resource_run	1	8769	bounded-stat-poll-0.1s
candidate	normal	processes	2	setup	0.070000	0	1	NA:untraced_resource_run	NA:untraced_resource_run	8704	0	0	NA:untraced_resource_run	NA:untraced_resource_run	NA:untraced_resource_run	2	8772	bounded-stat-poll-0.1s
candidate	normal	processes	2	steady	8.020000	2	5	NA:untraced_resource_run	NA:untraced_resource_run	8960	0	0	NA:untraced_resource_run	NA:untraced_resource_run	NA:untraced_resource_run	8	49828	bounded-stat-poll-0.1s
candidate	normal	processes	3	startup	0.130000	0	1	NA:untraced_resource_run	NA:untraced_resource_run	8392	2	0	NA:untraced_resource_run	NA:untraced_resource_run	NA:untraced_resource_run	1	8769	bounded-stat-poll-0.1s
candidate	normal	processes	3	setup	0.070000	0	0	NA:untraced_resource_run	NA:untraced_resource_run	8648	0	0	NA:untraced_resource_run	NA:untraced_resource_run	NA:untraced_resource_run	2	8772	bounded-stat-poll-0.1s
candidate	normal	processes	3	steady	8.020000	2	5	NA:untraced_resource_run	NA:untraced_resource_run	8648	0	0	NA:untraced_resource_run	NA:untraced_resource_run	NA:untraced_resource_run	6	40144	bounded-stat-poll-0.1s
candidate	cpu0	hidden	1	startup	0.140000	0	0	NA:untraced_resource_run	NA:untraced_resource_run	8956	2	1	NA:untraced_resource_run	NA:untraced_resource_run	NA:untraced_resource_run	1	4605	bounded-stat-poll-0.1s
candidate	cpu0	hidden	1	setup	1.130000	0	0	NA:untraced_resource_run	NA:untraced_resource_run	9724	0	0	NA:untraced_resource_run	NA:untraced_resource_run	NA:untraced_resource_run	1	9147	bounded-stat-poll-0.1s
candidate	cpu0	hidden	1	steady	8.020000	1	0	NA:untraced_resource_run	NA:untraced_resource_run	9724	0	0	NA:untraced_resource_run	NA:untraced_resource_run	NA:untraced_resource_run	1	4841	bounded-stat-poll-0.1s
candidate	cpu0	hidden	2	startup	0.140000	0	0	NA:untraced_resource_run	NA:untraced_resource_run	9164	2	1	NA:untraced_resource_run	NA:untraced_resource_run	NA:untraced_resource_run	1	4605	bounded-stat-poll-0.1s
candidate	cpu0	hidden	2	setup	1.120000	0	0	NA:untraced_resource_run	NA:untraced_resource_run	9932	0	0	NA:untraced_resource_run	NA:untraced_resource_run	NA:untraced_resource_run	1	9142	bounded-stat-poll-0.1s
candidate	cpu0	hidden	2	steady	8.010000	1	1	NA:untraced_resource_run	NA:untraced_resource_run	9932	0	0	NA:untraced_resource_run	NA:untraced_resource_run	NA:untraced_resource_run	1	4841	bounded-stat-poll-0.1s
candidate	cpu0	hidden	3	startup	0.140000	0	0	NA:untraced_resource_run	NA:untraced_resource_run	8972	2	3	NA:untraced_resource_run	NA:untraced_resource_run	NA:untraced_resource_run	1	4605	bounded-stat-poll-0.1s
candidate	cpu0	hidden	3	setup	1.130000	0	0	NA:untraced_resource_run	NA:untraced_resource_run	9740	0	0	NA:untraced_resource_run	NA:untraced_resource_run	NA:untraced_resource_run	1	9147	bounded-stat-poll-0.1s
candidate	cpu0	hidden	3	steady	8.020000	1	1	NA:untraced_resource_run	NA:untraced_resource_run	9740	0	0	NA:untraced_resource_run	NA:untraced_resource_run	NA:untraced_resource_run	1	4841	bounded-stat-poll-0.1s
candidate	cpu0	main	1	startup	0.130000	0	0	NA:untraced_resource_run	NA:untraced_resource_run	9672	2	1	NA:untraced_resource_run	NA:untraced_resource_run	NA:untraced_resource_run	1	8769	bounded-stat-poll-0.1s
candidate	cpu0	main	1	setup	0.020000	0	0	NA:untraced_resource_run	NA:untraced_resource_run	0	0	0	NA:untraced_resource_run	NA:untraced_resource_run	NA:untraced_resource_run	0	0	bounded-stat-poll-0.1s
candidate	cpu0	main	1	steady	8.020000	1	0	NA:untraced_resource_run	NA:untraced_resource_run	9672	0	0	NA:untraced_resource_run	NA:untraced_resource_run	NA:untraced_resource_run	8	64736	bounded-stat-poll-0.1s
candidate	cpu0	main	2	startup	0.140000	0	0	NA:untraced_resource_run	NA:untraced_resource_run	9788	2	2	NA:untraced_resource_run	NA:untraced_resource_run	NA:untraced_resource_run	1	8769	bounded-stat-poll-0.1s
candidate	cpu0	main	2	setup	0.010000	0	0	NA:untraced_resource_run	NA:untraced_resource_run	0	0	0	NA:untraced_resource_run	NA:untraced_resource_run	NA:untraced_resource_run	0	0	bounded-stat-poll-0.1s
candidate	cpu0	main	2	steady	8.020000	1	0	NA:untraced_resource_run	NA:untraced_resource_run	9788	0	0	NA:untraced_resource_run	NA:untraced_resource_run	NA:untraced_resource_run	8	64756	bounded-stat-poll-0.1s
candidate	cpu0	main	3	startup	0.170000	0	0	NA:untraced_resource_run	NA:untraced_resource_run	9740	2	1	NA:untraced_resource_run	NA:untraced_resource_run	NA:untraced_resource_run	2	13988	bounded-stat-poll-0.1s
candidate	cpu0	main	3	setup	0.010000	0	0	NA:untraced_resource_run	NA:untraced_resource_run	0	0	0	NA:untraced_resource_run	NA:untraced_resource_run	NA:untraced_resource_run	0	0	bounded-stat-poll-0.1s
candidate	cpu0	main	3	steady	8.010000	1	1	NA:untraced_resource_run	NA:untraced_resource_run	9740	0	0	NA:untraced_resource_run	NA:untraced_resource_run	NA:untraced_resource_run	9	65276	bounded-stat-poll-0.1s
candidate	cpu0	graphs	1	startup	0.140000	1	0	NA:untraced_resource_run	NA:untraced_resource_run	9712	2	4	NA:untraced_resource_run	NA:untraced_resource_run	NA:untraced_resource_run	1	8769	bounded-stat-poll-0.1s
candidate	cpu0	graphs	1	setup	0.070000	0	0	NA:untraced_resource_run	NA:untraced_resource_run	10212	0	0	NA:untraced_resource_run	NA:untraced_resource_run	NA:untraced_resource_run	2	10949	bounded-stat-poll-0.1s
candidate	cpu0	graphs	1	steady	8.020000	2	0	NA:untraced_resource_run	NA:untraced_resource_run	10420	0	0	NA:untraced_resource_run	NA:untraced_resource_run	NA:untraced_resource_run	8	58002	bounded-stat-poll-0.1s
candidate	cpu0	graphs	2	startup	0.130000	0	0	NA:untraced_resource_run	NA:untraced_resource_run	9672	2	1	NA:untraced_resource_run	NA:untraced_resource_run	NA:untraced_resource_run	1	8769	bounded-stat-poll-0.1s
candidate	cpu0	graphs	2	setup	0.070000	0	0	NA:untraced_resource_run	NA:untraced_resource_run	9916	0	0	NA:untraced_resource_run	NA:untraced_resource_run	NA:untraced_resource_run	2	10949	bounded-stat-poll-0.1s
candidate	cpu0	graphs	2	steady	8.020000	3	1	NA:untraced_resource_run	NA:untraced_resource_run	10936	0	0	NA:untraced_resource_run	NA:untraced_resource_run	NA:untraced_resource_run	6	50085	bounded-stat-poll-0.1s
candidate	cpu0	graphs	3	startup	0.170000	0	0	NA:untraced_resource_run	NA:untraced_resource_run	9868	2	2	NA:untraced_resource_run	NA:untraced_resource_run	NA:untraced_resource_run	2	13988	bounded-stat-poll-0.1s
candidate	cpu0	graphs	3	setup	0.070000	0	0	NA:untraced_resource_run	NA:untraced_resource_run	0	0	0	NA:untraced_resource_run	NA:untraced_resource_run	NA:untraced_resource_run	0	0	bounded-stat-poll-0.1s
candidate	cpu0	graphs	3	steady	8.010000	3	1	NA:untraced_resource_run	NA:untraced_resource_run	11044	0	0	NA:untraced_resource_run	NA:untraced_resource_run	NA:untraced_resource_run	8	61932	bounded-stat-poll-0.1s
candidate	cpu0	processes	1	startup	0.140000	0	0	NA:untraced_resource_run	NA:untraced_resource_run	9740	2	1	NA:untraced_resource_run	NA:untraced_resource_run	NA:untraced_resource_run	1	8769	bounded-stat-poll-0.1s
candidate	cpu0	processes	1	setup	0.080000	0	1	NA:untraced_resource_run	NA:untraced_resource_run	9740	0	0	NA:untraced_resource_run	NA:untraced_resource_run	NA:untraced_resource_run	2	8772	bounded-stat-poll-0.1s
candidate	cpu0	processes	1	steady	8.020000	1	5	NA:untraced_resource_run	NA:untraced_resource_run	10764	0	0	NA:untraced_resource_run	NA:untraced_resource_run	NA:untraced_resource_run	8	50012	bounded-stat-poll-0.1s
candidate	cpu0	processes	2	startup	0.130000	0	0	NA:untraced_resource_run	NA:untraced_resource_run	9668	2	1	NA:untraced_resource_run	NA:untraced_resource_run	NA:untraced_resource_run	1	8769	bounded-stat-poll-0.1s
candidate	cpu0	processes	2	setup	0.070000	0	1	NA:untraced_resource_run	NA:untraced_resource_run	9668	0	0	NA:untraced_resource_run	NA:untraced_resource_run	NA:untraced_resource_run	2	8772	bounded-stat-poll-0.1s
candidate	cpu0	processes	2	steady	8.030000	1	5	NA:untraced_resource_run	NA:untraced_resource_run	10692	0	0	NA:untraced_resource_run	NA:untraced_resource_run	NA:untraced_resource_run	6	40336	bounded-stat-poll-0.1s
candidate	cpu0	processes	3	startup	0.140000	0	0	NA:untraced_resource_run	NA:untraced_resource_run	9728	2	1	NA:untraced_resource_run	NA:untraced_resource_run	NA:untraced_resource_run	1	8769	bounded-stat-poll-0.1s
candidate	cpu0	processes	3	setup	0.080000	0	1	NA:untraced_resource_run	NA:untraced_resource_run	9728	0	0	NA:untraced_resource_run	NA:untraced_resource_run	NA:untraced_resource_run	2	8772	bounded-stat-poll-0.1s
candidate	cpu0	processes	3	steady	8.020000	1	5	NA:untraced_resource_run	NA:untraced_resource_run	11008	0	0	NA:untraced_resource_run	NA:untraced_resource_run	NA:untraced_resource_run	10	59687	bounded-stat-poll-0.1s
